Spectrum,Element,Known conc,Analytical Platform,Standard,Raw total,Raw conc,raw -C RDEV %,Normalized conc,norm-C RDEV %,Atomic conc stoich,Atomic conc,atom-C RDEV %
Au20Cu80_5kV10nA500s_NB,Cu,0.7985,JEOL8500f-BrukerQuad,Cu,1.0066,0.8120,1.7,0.8067,1.0,0.9248,0.9282,0.37
Au20Cu80_5kV10nA500s_NB,Au,0.2012,JEOL8500f-BrukerQuad,Au,1.0066,0.1946,-3.3,0.1933,-3.9,0.0752,0.0718,-4.5
Au40Cu60_5kV10nA500s_NB,Cu,0.5992,JEOL8500f-BrukerQuad,Cu,1.0078,0.6160,2.8,0.6112,2.0,0.8224,0.8297,0.89
Au40Cu60_5kV10nA500s_NB,Au,0.4010,JEOL8500f-BrukerQuad,Au,1.0078,0.3918,-2.3,0.3888,-3.0,0.1776,0.1703,-4.1
Au60Cu40_5kV10nA500s_NB,Cu,0.3964,JEOL8500f-BrukerQuad,Cu,0.9975,0.4128,4.2,0.4138,4.4,0.6706,0.6863,2.3
Au60Cu40_5kV10nA500s_NB,Au,0.6036,JEOL8500f-BrukerQuad,Au,0.9975,0.5848,-3.1,0.5862,-2.9,0.3294,0.3137,-4.8
Au80Cu20_5kV10nA500s_NB,Cu,0.1983,JEOL8500f-BrukerQuad,Cu,0.9868,0.2086,5.2,0.2114,6.6,0.4340,0.4538,4.6
Au80Cu20_5kV10nA500s_NB,Au,0.8015,JEOL8500f-BrukerQuad,Au,0.9868,0.7782,-2.9,0.7886,-1.6,0.5660,0.5462,-3.5
Au20Ag80_5kV20nA100s,Ag,0.7758,JEOL8500f-BrukerQuad,Ag,1.013,0.7841,1.1,0.7738,-0.26,0.8633,0.8620,-0.16
Au20Ag80_5kV20nA100s,Au,0.2243,JEOL8500f-BrukerQuad,Au,1.013,0.2292,2.2,0.2262,0.86,0.1367,0.1380,0.98
Au40Ag60_5kV20nA100s,Ag,0.5993,JEOL8500f-BrukerQuad,Ag,1.002,0.6084,1.5,0.6073,1.3,0.7322,0.7385,0.86
Au40Ag60_5kV20nA100s,Au,0.4003,JEOL8500f-BrukerQuad,Au,1.002,0.3934,-1.7,0.3927,-1.9,0.2678,0.2615,-2.3
Au60Ag40_5kV20nA100s,Ag,0.3992,JEOL8500f-BrukerQuad,Ag,0.9991,0.4057,1.6,0.4061,1.7,0.5483,0.5552,1.3
Au60Ag40_5kV20nA100s,Au,0.6005,JEOL8500f-BrukerQuad,Au,0.9991,0.5934,-1.2,0.5939,-1.1,0.4517,0.4448,-1.5
Au80Ag20_5kV20nA100s,Ag,0.1996,JEOL8500f-BrukerQuad,Ag,1.005,0.2040,2.2,0.2030,1.7,0.3129,0.3175,1.5
Au80Ag20_5kV20nA100s,Au,0.8005,JEOL8500f-BrukerQuad,Au,1.005,0.8006,0.01,0.7970,-0.44,0.6871,0.6825,-0.67
As2Te3_5kV20nA700s_NB,As,0.2813,JEOL8500f-BrukerQuad,As,1.114,0.3144,11.8,0.2821,0.28,0.4000,0.4009,0.23
As2Te3_5kV20nA700s_NB,Te,0.7187,JEOL8500f-BrukerQuad,Te,1.114,0.8000,11.3,0.7179,-0.11,0.6000,0.5991,-0.15
Bi2Se3_5kV20nA700s_NB,Se,0.3617,JEOL8500f-BrukerQuad,Se,1.009,0.3644,0.75,0.3610,-0.19,0.6000,0.5993,-0.12
Bi2Se3_5kV20nA700s_NB,Bi,0.6383,JEOL8500f-BrukerQuad,Bi,1.009,0.6449,1.0,0.6390,0.11,0.4000,0.4007,0.18
CdSe_5kV20nA700s_NB,Se,0.4126,JEOL8500f-BrukerQuad,Se,1.043,0.4167,0.99,0.3995,-3.2,0.5000,0.4864,-2.7
CdSe_5kV20nA700s_NB,Cd,0.5874,JEOL8500f-BrukerQuad,Cd,1.043,0.5874,6.7,0.6005,3.0,0.5000,0.5136,2.7
GaAs_Dale_5kV20nA130kHz5eV_700s,Ga,0.4820,JEOL8500f-BrukerQuad,GaP,1.063,0.5055,4.9,0.4754,-1.4,0.5000,0.4933,-1.3
GaAs_Dale_5kV20nA130kHz5eV_700s,As,0.5180,JEOL8500f-BrukerQuad,As,1.063,0.5579,7.7,0.5246,1.3,0.5000,0.5067,1.3
GaP_StdC_5keV20nA130kHz5eV_700s,P,0.3076,JEOL8500f-BrukerQuad,Ca5(PO4)3F,0.9549,0.2876,-6.5,0.3012,-2.1,0.5000,0.4924,-1.5
GaP_StdC_5keV20nA130kHz5eV_700s,Ga,0.6924,JEOL8500f-BrukerQuad,GaAS,0.9549,0.6673,-3.6,0.6988,0.92,0.5000,0.5076,1.5
GaSb_Dale_5keV20nA130kHz5eV_700s,Ga,0.3651,JEOL8500f-BrukerQuad,GaP,1.0255,0.3682,1.1,0.3590,-1.4,0.5000,0.4945,-1.1
GaSb_Dale_5keV20nA130kHz5eV_700s,Sb,0.6359,JEOL8500f-BrukerQuad,Sb,1.0255,0.6573,3.4,0.6410,0.80,0.5000,0.5055,1.1
GeO2_GLR496_5keV20nA_400s,O,0.3058,JEOL8500f-BrukerQuad,SiO2,0.9395,0.2815,-7.9,0.2996,-2.0,0.6667,0.6601,-1.0
GeO2_GLR496_5keV20nA_400s,Ge,0.6942,JEOL8500f-BrukerQuad,Ge,0.9395,0.6581,-5.2,0.7004,0.89,0.3333,0.3399,2.0
GeTe_5kV20nA700s_NB,Ge,0.3628,JEOL8500f-BrukerQuad,Ge,0.9312,0.3380,-6.8,0.3629,0.03,0.5000,0.5002,0.04
GeTe_5kV20nA700s_NB,Te,0.6372,JEOL8500f-BrukerQuad,Te,0.9312,0.5933,-6.9,0.6371,-0.02,0.5000,0.4998,-0.04
NiO_GLR496_5keV20nA_300s,O,0.2142,JEOL8500f-BrukerQuad,MgO,1.0128,0.2139,-0.14,0.2112,-1.4,0.5000,0.4954,-0.92
NiO_GLR496_5keV20nA_300s,Ni,0.7858,JEOL8500f-BrukerQuad,Ni,1.0128,0.7989,1.7,0.7888,0.38,0.5000,0.5046,0.92
PbSe_5kV20nA_700s,Se,0.2759,JEOL8500f-BrukerQuad,Se,0.9944,0.276,0.04,0.2775,0.58,0.5000,0.5020,0.4
PbSe_5kV20nA_700s,Pb,0.7241,JEOL8500f-BrukerQuad,PbTe,0.9944,0.7184,-0.79,0.7225,-0.4,0.5000,0.4980,-0.4
PbTe_5kV20nA_700s,Te,0.3811,JEOL8500f-BrukerQuad,Te,0.9923,0.3691,-3.1,0.3720,-2.4,0.5000,0.4903,-1.9
PbTe_5kV20nA_700s,Pb,0.6189,JEOL8500f-BrukerQuad,PbSe,0.9923,0.6232,0.69,0.6280,1.5,0.5000,0.5097,1.9
SnSe_5kV20nA700s_NB,Se,0.3995,JEOL8500f-BrukerQuad,Se,0.9991,0.4055,1.5,0.4059,1.6,0.5000,0.5067,1.3
SnSe_5kV20nA700s_NB,Sn,0.6005,JEOL8500f-BrukerQuad,Sn,0.9991,0.5936,-1.1,0.5941,-1.1,0.5000,0.4933,-1.3
ZnS_5keV20nA_700s,S,0.3290,JEOL8500f-BrukerQuad,CuS,1.0214,0.3293,0.09,0.3224,-2.0,0.5000,0.4925,-1.5
ZnS_5keV20nA_700s,Zn,0.6710,JEOL8500f-BrukerQuad,Zn,1.0214,0.6921,3.1,0.6776,0.98,0.5000,0.5075,1.5
CdS_5kV20nA300s_NB,S,0.2219,JEOL8500f-BrukerQuad,CuS,1.0386,0.2236,0.77,0.2153,-3.0,0.5000,0.4902,-2.0
CdS_5kV20nA300s_NB,Cd,0.7781,JEOL8500f-BrukerQuad,Cd,1.0386,0.8150,4.7,0.7847,0.85,0.5000,0.5098,2.0
CuS_ChMxd_5keV20nA_300s,S,0.3354,JEOL8500f-BrukerQuad,ZnS,0.9740,0.3258,-2.9,0.3345,-0.3,0.5000,0.4990,-0.20
CuS_ChMxd_5keV20nA_300s,Cu,0.6646,JEOL8500f-BrukerQuad,Cu2O,0.9740,0.6482,-2.5,0.6655,0.14,0.5000,0.5010,0.20
FeS_sum_5keV20nA130kHz_300s,S,0.3647,JEOL8500f-BrukerQuad,CuS,1.0191,0.3698,1.4,0.3629,-0.49,0.5000,0.4980,-0.40
FeS_sum_5keV20nA130kHz_300s,Fe,0.6353,JEOL8500f-BrukerQuad,Fe,1.0191,0.6492,3.6,0.6371,0.28,0.5000,0.5020,0.40
FeS2_sum_5keV20nA130kHz_300s,S,0.5345,JEOL8500f-BrukerQuad,CuS,1.0234,0.5577,4.3,0.5449,1.9,0.6667,0.6759,1.4
FeS2_sum_5keV20nA130kHz_300s,Fe,0.4655,JEOL8500f-BrukerQuad,FeAl3,1.0234,0.4658,0.06,0.45516,-2.2,0.3333,0.3241,-2.8
Cu2O_HiTc_1_5kV20nA130kHz_77kHz_100s,O,0.1118,JEOL8500f-BrukerQuad,MgO,1.0303,0.1131,1.2,0.1097,-1.9,0.3333,0.3287,-1.4
Cu2O_HiTc_1_5kV20nA130kHz_77kHz_100s,Cu,0.8882,JEOL8500f-BrukerQuad,CuS,1.0303,0.9173,3.3,0.8903,0.24,0.6667,0.6713,0.69
CuO_GLR504_5kV30nA,O,0.2011,JEOL8500f-BrukerQuad,MgO,0.9793,0.1915,-4.8,0.1956,-2.7,0.5000,0.4913,-1.7
CuO_GLR504_5kV30nA,Cu,0.7989,JEOL8500f-BrukerQuad,Cu,0.9793,0.7878,-1.4,0.8044,0.69,0.5000,0.5087,1.7
Cr2O3_MMmin_5keV25nA,O,0.3158,JEOL8500f-BrukerQuad,O,0.9008,0.2888,-8.6,0.3205,1.5,0.6000,0.6053,0.88
Cr2O3_MMmin_5keV25nA,Cr,0.6642,JEOL8500f-BrukerQuad,Cr,0.9008,0.6121,-7.8,0.6795,2.3,0.4000,0.3947,-1.3
Fe3C_EU_5kV25nA,C,0.0669,JEOL8500f-BrukerQuad,C,1.059,0.0688,2.8,0.0649,-7.2,0.2500,0.2438,-2.5
Fe3C_EU_5kV25nA,Fe,0.9331,JEOL8500f-BrukerQuad,Fe,1.059,0.9916,6.3,0.9351,0.21,0.7500,0.7562,0.83
Fe2O3_5kV20nA_300s,O,0.3006,JEOL8500f-BrukerQuad,MgO,1.0675,0.3256,8.3,0.3050,1.5,0.6000,0.6050,0.83
Fe2O3_5kV20nA_300s,Fe,0.6994,JEOL8500f-BrukerQuad,Fe,1.0675,0.7419,6.1,0.6950,-0.63,0.4000,0.3950,-1.3
SiO2_StdC_5kV20nA130kHz_51kHz9DT_100s,O,0.5326,JEOL8500f-BrukerQuad,NiO,0.9431,0.5028,-5.6,0.5331,0.09,0.6667,0.6672,0.07
SiO2_StdC_5kV20nA130kHz_51kHz9DT_100s,Si,0.4674,JEOL8500f-BrukerQuad,Si,0.9431,0.4403,-5.8,0.4669,-0.11,0.3333,0.3328,-0.15
NiTi_5kV25nA,Ti,0.4492,JEOL8500f-BrukerQuad,Ti,1.192,0.5192,15.6,0.4356,-3.0,0.5000,0.4862,-2.8
NiTi_5kV25nA,Ni,0.5508,JEOL8500f-BrukerQuad,Ni,1.192,0.6729,22.2,0.5644,2.5,0.5000,0.5138,2.8
NiSi_5kV25nA,Si,0.3236,JEOL8500f-BrukerQuad,Si,0.9857,0.3182,-1.6,0.3226,-0.31,0.5000,0.4988,-0.23
NiSi_5kV25nA,Ni,0.6764,JEOL8500f-BrukerQuad,NiTi,0.9857,0.6681,-1.2,0.6774,0.15,0.5000,0.5012,0.23
TiB2_GLR504_5kV30nA,B,0.3112,JEOL8500f-BrukerQuad,B,1.155,0.3517,14.8,0.3040,-2.3,0.6667,0.6591,-1.1
TiB2_GLR504_5kV30nA,Ti,0.6888,JEOL8500f-BrukerQuad,Ti,1.155,0.8171,18.6,0.6960,1.0,0.3333,0.3409,2.3
TiSi2_GLR504_5kV30nA,Si,0.5399,JEOL8500f-BrukerQuad,Si,0.9919,0.5437,0.70,0.5481,1.5,0.6667,0.6739,1.1
TiSi2_GLR504_5kV30nA,Ti,0.4601,JEOL8500f-BrukerQuad,Ti,0.9919,0.4483,-2.6,0.4519,-1.8,0.3333,0.3261,-2.2
TiO2_GLR504_5kV30nA,O,0.4007,JEOL8500f-BrukerQuad,O,0.9903,0.3961,-1.1,0.4000,-0.17,0.6667,0.6661,-0.10
TiO2_GLR504_5kV30nA,Ti,0.5993,JEOL8500f-BrukerQuad,Ti,0.9903,0.5942,-0.85,0.6000,0.12,0.3333,0.3339,0.19
Al3Ni_5kV25nAs,Al,0.5797,JEOL8500f-BrukerQuad,Al,1.060,0.6173,6.5,0.5821,0.41,0.7500,0.7518,0.24
Al3Ni_5kV25nAs,Ni,0.4203,JEOL8500f-BrukerQuad,NiTi,1.060,0.4432,5.5,0.4179,-0.57,0.2500,0.2482,-0.73
Al3Ni2_5kV25nAs,Al,0.4081,JEOL8500f-BrukerQuad,Al2O3,1.028,0.4313,5.7,0.4195,2.80,0.6000,0.6112,1.9
Al3Ni2_5kV25nAs,Ni,0.5919,JEOL8500f-BrukerQuad,NiTi,1.028,0.5969,0.91,0.5805,-1.90,0.4000,0.3888,-2.8
Al2O3_5keV1nA1000s_TESCAN,O,0.4707,TESCAN_PulseTor,SiO2,1.076,0.4983,5.9,0.4631,-1.6,0.6000,0.5908,-1.2
Al2O3_5keV1nA1000s_TESCAN,Al,0.5293,TESCAN_PulseTor,Al,1.076,0.5777,9.1,0.5369,2.3,0.4000,0.4074,1.9
Anhydrite_4_5keV1nA1000s_TESCAN_SP28,S,0.2355,TESCAN_PulseTor,Cu2S,0.9678,0.2245,-4.7,0.2319,-1.5,0.1667,0.1646,-1.3
Anhydrite_4_5keV1nA1000s_TESCAN_SP28,Ca,0.2955,TESCAN_PulseTor,CaCO3,0.9678,0.2911,-1.1,0.3008,2.2,0.1667,0.1708,2.5
Arsenopyrite_5_5keV1nA1000s_TESCAN_SP28,S,0.1969,TESCAN_PulseTor,Pyrite,1.0194,0.1970,0.05,0.1933,-1.8,0.3333,0.3272,-1.8
Arsenopyrite_5_5keV1nA1000s_TESCAN_SP28,Fe,0.3430,TESCAN_PulseTor,Pyrite,1.0194,0.3633,5.9,0.3563,3.9,0.3333,0.3464,3.9
Arsenopyrite_5_5keV1nA1000s_TESCAN_SP28,As,0.4601,TESCAN_PulseTor,InAs,1.0194,0.4592,-0.20,0.4504,-2.1,0.3333,0.3264,-2.1
BaAl2Si2O8_5keV1nA1000s_TESCAN_MAC14896,Al,0.1437,TESCAN_PulseTor,Albite,1.0411,0.1412,-1.7,0.1357,-5.6,0.1538,0.1473,-4.2
BaAl2Si2O8_5keV1nA1000s_TESCAN_MAC14896,Si,0.1496,TESCAN_PulseTor,Albite,1.0411,0.1565,4.6,0.1503,0.47,0.1538,0.1568,2.0
BaAl2Si2O8_5keV1nA1000s_TESCAN_MAC14896,Ba,0.3658,TESCAN_PulseTor,Barite,1.0411,0.3936,7.6,0.3780,3.3,0.0769,0.807,4.9
Chalcopyrite_12_5keV1nA1000s_TESCAN_SP28,S,0.3494,TESCAN_PulseTor,ZnS,0.9465,0.3246,-7.1,0.3429,-1.9,0.5000,0.4927,-1.5
Chalcopyrite_12_5keV1nA1000s_TESCAN_SP28,Fe,0.3043,TESCAN_PulseTor,Fe2P,0.9465,0.2921,-4.0,0.3086,1.4,0.2500,0.2546,1.8
Chalcopyrite_12_5keV1nA1000s_TESCAN_SP28,Cu,0.3463,TESCAN_PulseTor,Cu,0.9465,0.3298,-4.8,0.3485,0.64,0.2500,0.2527,1.1
Cinnabar_15_5keV1nA1000s_TESCAN_SP28,S,0.1378,TESCAN_PulseTor,Cu2S,0.9649,0.1376,-0.15,0.1426,3.5,0.5000,0.5098,2.0
Cinnabar_15_5keV1nA1000s_TESCAN_SP28,Hg,0.8622,TESCAN_PulseTor,HgTe,0.9649,0.8273,-4.0,0.8574,-0.56,0.5000,0.49025,-2.0
Cryolite_17_5keV1nA1000s_TESCAN_SP28,F,0.5430,TESCAN_PulseTor,GdF3,1.0366,0.5504,1.4,0.5310,-2.2,0.6000,0.5880,-2.0
Cryolite_17_5keV1nA1000s_TESCAN_SP28,Na,0.3285,TESCAN_PulseTor,Albite,1.0366,0.3551,8.1,0.3426,4.3,0.3000,0.3135,-4.5
Cryolite_17_5keV1nA1000s_TESCAN_SP28,Al,0.1285,TESCAN_PulseTor,Al2O3,1.0366,0.1311,2.0,0.1264,-1.6,0.1000,0.0986,-1.4
Cu2S_5keV1nA1000s_TESCAN_MAC14896,S,0.2015,TESCAN_PulseTor,Pyrite,1.0852,0.2208,9.6,0.2035,0.99,0.3333,0.3361,0.8
Cu2S_5keV1nA1000s_TESCAN_MAC14896,Cu,0.7985,TESCAN_PulseTor,Cu,1.0852,0.8644,8.3,0.7965,-0.25,0.6667,0.6639,-0.42
Diopside_20_5keV1nA1000s_TESCAN_SP28,Mg,0.1122,TESCAN_PulseTor,MgAl2O4,0.9931,0.1069,-4.7,0.1077,-4.0,0.1000,0.0959,-4.1
Diopside_20_5keV1nA1000s_TESCAN_SP28,Si,0.2594,TESCAN_PulseTor,Quartz,0.9931,0.2608,0.54,0.2626,1.2,0.2000,0.2025,1.3
Diopside_20_5keV1nA1000s_TESCAN_SP28,Ca,0.1851,TESCAN_PulseTor,Calcite,0.9931,0.1843,0.43,0.1856,0.27,0.1000,0.1003,0.30
Galena_23_5keV1nA1000s_TESCAN_SP28,S,0.1340,TESCAN_PulseTor,FeS,0.8386,0.1103,-17.7,0.1315,-1.9,0.5000,0.4946,-1.1
Galena_23_5keV1nA1000s_TESCAN_SP28,Pb,0.8660,TESCAN_PulseTor,PbSe,0.8386,0.7283,-15.9,0.8685,0.29,0.5000,0.5054,1.1
Jadeite_25_5keV1nA1000s_TESCAN_SP28,Na,0.1137,TESCAN_PulseTor,Albite,1.0079,0.1149,1.1,0.1140,0.26,0.1000,0.1002,0.20
Jadeite_25_5keV1nA1000s_TESCAN_SP28,Al,0.1335,TESCAN_PulseTor,Albite,1.0079,0.1326,-0.67,0.1315,-1.5,0.1000,0.0985,-1.5
Jadeite_25_5keV1nA1000s_TESCAN_SP28,Si,0.2779,TESCAN_PulseTor,Albite,1.0079,0.2816,1.3,0.2794,0.54,0.2000,0.2011,0.55
Kyanite_27_5keV1nA1000s_TESCAN_SP28,Al,0.3330,TESCAN_PulseTor,Albite,0.9987,0.3298,-0.96,0.3302,-0.84,0.2500,0.2479,-0.84
Kyanite_27_5keV1nA1000s_TESCAN_SP28,Si,0.1733,TESCAN_PulseTor,Albite,0.9987,0.1754,1.2,0.1756,1.3,0.1250,0.1267,1.40
Magnetite_31_5keV1nA1000s_TESCAN_SP63,O,0.2764,TESCAN_PulseTor,Hematite,0.9473,0.2661,-3.7,0.2809,1.6,0.5714,0.5769,0.96
Magnetite_31_5keV1nA1000s_TESCAN_SP63,Fe,0.7236,TESCAN_PulseTor,Hematite,0.9473,0.6812,-5.9,0.7191,-0.62,0.4286,0.4231,-1.3
Hematite_24_5keV1nA1000s_TESCAN_SP28,O,0.3006,TESCAN_PulseTor,Magnetite,1.0177,0.2918,-2.9,0.2867,-4.6,0.6000,0.5839,-2.7
Hematite_24_5keV1nA1000s_TESCAN_SP28,Fe,0.6994,TESCAN_PulseTor,Magnetite,1.0177,0.7259,3.8,0.7133,2.0,0.4000,0.4161,4.0
Molybdenite_34_5keV1nA1000s_TESCAN_SP63,S,0.4006,TESCAN_PulseTor,FeS2,0.8043,0.3223,-19.5,0.4007,0.03,0.6667,0.6667,0.0
Molybdenite_34_5keV1nA1000s_TESCAN_SP63,Mo,0.5994,TESCAN_PulseTor,Mo,0.8043,0.4820,-19.6,0.5993,-0.02,0.3333,0.3333,0.0
Pyrite_43_5keV1nA1000s_TESCAN_SP63,S,0.5345,TESCAN_PulseTor,Cu2S,0.9142,0.4873,-8.8,0.5330,-0.28,0.6667,0.6653,-0.21
Pyrite_43_5keV1nA1000s_TESCAN_SP63,Fe,0.4655,TESCAN_PulseTor,FeSi2,0.9142,0.4269,-8.3,0.4670,0.32,0.3333,0.3347,0.42
Scheelite_47_5keV1nA1000s_TESCAN_SP63,Ca,0.1392,TESCAN_PulseTor,CaF2,0.9302,0.1330,-4.4,0.1429,2.7,0.1667,0.1704,2.2
Scheelite_47_5keV1nA1000s_TESCAN_SP63,W,0.6385,TESCAN_PulseTor,W,0.9302,0.5901,-7.6,0.6344,-0.64,0.1667,0.1648,-1.1
Si3N4_5keV1nA1000s_TESCAN_MAC14896,N,0.3994,TESCAN_PulseTor,AlN,0.9805,0.3855,-3.5,0.3932,-1.5,0.5714,0.5650,-1.1
Si3N4_5keV1nA1000s_TESCAN_MAC14896,Si,0.6006,TESCAN_PulseTor,SiO2,0.9805,0.5950,-0.93,0.6068,1.0,0.4286,0.4350,1.5
SiC_5keV1nA1000s_TESCAN_Geller504,C,0.2995,TESCAN_PulseTor,C,1.0299,0.3054,2.0,0.2965,-1.0,0.5000,0.4964,-0.72
SiC_5keV1nA1000s_TESCAN_Geller504,Si,0.7005,TESCAN_PulseTor,Si,1.0299,0.7245,3.4,0.7035,0.43,0.5000,0.5036,0.7
TiC_5keV1nA1000s_TESCAN_MAC14896,C,0.2006,TESCAN_PulseTor,C,0.9865,0.2049,2.1,0.2077,3.5,0.5000,0.5109,2.2
TiC_5keV1nA1000s_TESCAN_MAC14896,Ti,0.7994,TESCAN_PulseTor,Ti,0.9865,0.7816,-2.2,0.7923,-0.89,0.5000,0.4891,-2.2
Willemite_55_5keV1nA1000s_TESCAN_SP63,Si,0.1260,TESCAN_PulseTor,SiO2,0.8786,0.1105,-12.3,0.1258,-0.16,0.1429,0.1427,-0.14
Willemite_55_5keV1nA1000s_TESCAN_SP63,Zn,0.5869,TESCAN_PulseTor,ZnS,0.8786,0.5159,-12.1,0.5872,0.05,0.2857,0.2860,0.11
Wollastonite_56_5keV1nA1000s_TESCAN_SP63,Si,0.2418,TESCAN_PulseTor,Quartz,0.9847,0.2382,-1.5,0.2420,0.08,0.2000,0.2001,0.05
Wollastonite_56_5keV1nA1000s_TESCAN_SP63,Ca,0.3450,TESCAN_PulseTor,Calcite,0.9847,0.3395,-1.6,0.3448,-0.06,0.2000,0.1998,-0.10
Zircon_57_5keV1nA1000s_TESCAN_SP63,Si,0.1532,TESCAN_PulseTor,Quartz,0.9359,0.1468,-4.2,0.1568,2.3,0.1667,0.1696,1.7
Zircon_57_5keV1nA1000s_TESCAN_SP63,Zr,0.4930,TESCAN_PulseTor,Zr,0.9359,0.4604,-6.6,0.4919,-0.22,0.1667,0.1638,-1.7
ZnS_5keV1nA800s_TESCAN_StdC,S,0.3290,TESCAN_PulseTor,Cu2S,0.9539,0.3145,-4.4,0.3297,0.21,0.5000,0.5008,0.16
ZnS_5keV1nA800s_TESCAN_StdC,Zn,0.6710,TESCAN_PulseTor,Zn,0.9539,0.6394,-4.7,0.6703,-0.10,0.5000,0.4992,-0.16
SiO2_5keV1nA1000s_TESCAN,O,0.5326,TESCAN_PulseTor,MgO,0.9985,0.5222,-2.0,0.5230,-1.8,0.6667,0.6581,-1.3
SiO2_5keV1nA1000s_TESCAN,Si,0.4674,TESCAN_PulseTor,Si,0.9985,0.4763,1.9,0.4770,2.1,0.3333,0.3419,2.6
Celestite_11_5keV1nA1000s_TESCAN_SP28,S,0.1746,TESCAN_PulseTor,Pyrite,1.0334,0.1853,6.1,0.1793,2.7,0.1667,0.1693,1.6
Celestite_11_5keV1nA1000s_TESCAN_SP28,Sr,0.4770,TESCAN_PulseTor,SrTiO3,1.0334,0.4825,1.2,0.4669,-2.1,0.1667,0.1613,-3.2
Fe3C_Eu-Comm,C,0.0669,TESCAN_PulseTor,C,1.059,0.0688,-1.6,0.0649,-7.2,0.2500,0.2438,-2.5
Fe3C_Eu-Comm,Fe,0.9351,TESCAN_PulseTor,Fe,1.059,0.9916,6.3,0.9351,0.22,0.7500,0.7562,0.83
CaWO4_Scheelite_SP63,Ca,0.1392,TESCAN_EDAX,CaF2,1.0459,0.1390,-0.14,0.1329,-4.5,0.1667,0.1604,-3.8
CaWO4_Scheelite_SP63,W,0.6385,TESCAN_EDAX,W,1.0459,0.6751,5.7,0.6455,1.1,0.1667,0.1698,1.9
Cr3C2_GLR504,C,0.1334,TESCAN_EDAX,C,0.9715,0.1254,-6.0,0.1294,-3.0,0.4000,0.3914,-2.2
Cr3C2_GLR504,Cr,0.8666,TESCAN_EDAX,Cr,0.9715,0.8449,-2.5,0.8706,0.47,0.6000,0.6086,1.4
Cr2N_GLR504,N,0.1187,TESCAN_EDAX,Si3N4,0.9299,0.1201,1.2,0.1292,8.8,0.3333,0.3551,6.5
Cr2N_GLR504,Cr,0.8813,TESCAN_EDAX,Cr,0.9299,0.8097,-8.1,0.8708,-1.2,0.6667,0.6449,-3.3
Fe3N_GLR504,N,0.0772,TESCAN_EDAX,GaN,0.9988,0.0789,2.2,0.0788,2.0,0.2500,0.2534,1.4
Fe3N_GLR504,Fe,0.9228,TESCAN_EDAX,Fe,0.9988,0.9199,-0.32,0.9212,-0.17,0.7500,0.7467,-0.46
Si3N4_GLR504,N,0.3994,TESCAN_EDAX,GaN,0.9445,0.3854,-3.5,0.4078,2.1,0.5714,0.5799,1.5
Si3N4_GLR504,Si,0.6006,TESCAN_EDAX,Si,0.9445,0.5591,-6.9,0.5922,-1.4,0.4286,0.4201,-2.0
SiC_GLR504,C,0.2995,TESCAN_EDAX,C,0.9801,0.2977,-0.60,0.3038,1.4,0.5000,0.4962,-0.77
SiC_GLR504,Si,0.7005,TESCAN_EDAX,Si,0.9801,0.6824,-2.6,0.6962,-0.61,0.5000,0.5038,0.77
BN_GLR504,B,0.4356,TESCAN_EDAX,B,0.9919,0.4100,-5.9,0.4133,-5.1,0.5000,0.4772,-4.6
BN_GLR504,N,0.5644,TESCAN_EDAX,Si3N4,0.9919,0.5819,3.1,0.5867,4.0,0.5000,0.5228,4.6
CaMgC2O6_Dolomite_SP28,C,0.1303,TESCAN_EDAX,C,1.004,0.1372,5.3,0.1367,4.9,0.2000,0.2099,5.0
CaMgC2O6_Dolomite_SP28,O,0.5206,TESCAN_EDAX,MgCaSi2O6,1.004,0.5113,-1.8,0.5092,-2.2,0.6000,0.5870,-2.2
CaMgC2O6_Dolomite_SP28,Mg,0.1318,TESCAN_EDAX,MgCaSi2O6,1.004,0.1347,2.2,0.1342,1.8,0.1000,0.1018,1.8
CaMgC2O6_Dolomite_SP28,Ca,0.2173,TESCAN_EDAX,MgCaSi2O6,1.004,0.2208,1.6,0.2199,1.2,0.1000,0.1012,1.2
MnSiO3_Rhodonite,Si,0.2144,TESCAN_EDAX,Quartz,1.009,0.2155,0.51,0.2136,-0.37,0.2000,0.1995,-0.25
MnSiO3_Rhodonite,Mn,0.4193,TESCAN_EDAX,Mn,1.009,0.4243,1.2,0.4205,0.29,0.2000,0.2008,0.40
Pentlandite_Fe4Ni5S8_SP63,S,0.3317,TESCAN_EDAX,Pyrite,1.007,0.3350,0.99,0.3327,0.30,0.4706,0.4719,0.28
Pentlandite_Fe4Ni5S8_SP63,Fe,0.2888,TESCAN_EDAX,Fe,1.007,0.2781,-3.7,0.2761,-4.4,0.2353,0.2249,-4.4
Pentlandite_Fe4Ni5S8_SP63,Ni,0.3795,TESCAN_EDAX,Ni,1.007,0.3939,-3.8,0.3912,3.1,0.2941,0.3031,3.1
MgAl2O4_SP63,O,0.4498,TESCAN_EDAX,Kyanite,0.9879,0.4403,-2.1,0.4457,-0.91,0.5714,0.5674,-0.70
MgAl2O4_SP63,Mg,0.1708,TESCAN_EDAX,Dolomite,0.9879,0.1691,-1.0,0.1712,0.23,0.1429,0.1434,0.35
MgAl2O4_SP63,Al,0.3793,TESCAN_EDAX,Kyanite,0.9879,0.3785,-0.21,0.3831,1.0,0.2875,0.2892,1.2
Ca5P3O12F_Fluorapatite_SP28,O,0.3807,TESCAN_EDAX,CaSO4,1.031,0.3956,3.9,0.3839,0.84,0.5714,0.5729,0.26
Ca5P3O12F_Fluorapatite_SP28,P,0.1843,TESCAN_EDAX,CeP5O14,1.031,0.1945,5.5,0.1888,2.4,0.1429,0.1455,1.8
Ca5P3O12F_Fluorapatite_SP28,Ca,0.3974,TESCAN_EDAX,CaSO4,1.031,0.3985,0.28,0.3867,-2.7,0.2381,0.2304,-3.2
NaAlSi3O8_Albite_SP28,O,0.4881,TESCAN_EDAX,Al2SiO5,0.9769,0.4781,-2.0,0.4894,0.27,0.6154,0.6164,0.16
NaAlSi3O8_Albite_SP28,Na,0.0877,TESCAN_EDAX,NaAlSi2O6,0.9769,0.0865,-1.4,0.0885,0.91,0.0769,0.0776,0.91
NaAlSi3O8_Albite_SP28,Al,0.1029,TESCAN_EDAX,Al2SiO5,0.9769,0.1027,-0.19,0.1052,2.2,0.0769,0.0786,2.2
NaAlSi3O8_Albite_SP28,Si,0.3213,TESCAN_EDAX,Al2SiO5,0.9769,0.3096,-3.6,0.3170,-1.3,0.2308,0.2274,-1.5
CaCO3_Calcite_SP28,C,0.1200,TESCAN_EDAX,C,1.013,0.1174,-2.2,0.1158,-3.5,0.2000,0.1932,-3.4
CaCO3_Calcite_SP28,O,0.4796,TESCAN_EDAX,CaSO4,1.013,0.4917,2.5,0.4852,1.2,0.6000,0.6074,1.2
CaCO3_Calcite_SP28,Ca,0.4004,TESCAN_EDAX,CaSO4,1.013,0.4044,1.0,0.3990,-0.35,0.2000,0.1994,-0.30
FeAsS_Arsenopyrite_SP28,S,0.1969,TESCAN_EDAX,FeS2,1.044,0.1989,1.0,0.1905,-3.3,0.3333,0.3238,-2.9
FeAsS_Arsenopyrite_SP28,Fe,0.3430,TESCAN_EDAX,FeS2,1.044,0.3679,7.3,0.3524,2.7,0.3333,0.3438,3.2
FeAsS_Arsenopyrite_SP28,As,0.4601,TESCAN_EDAX,As2O3,1.044,0.4772,3.7,0.4571,-0.65,0.3333,0.3324,-0.27
Galena_PbS_SP28,S,0.1340,TESCAN_EDAX,CaSO4,1.017,0.1354,1.0,0.1332,-0.60,0.5000,0.4981,-0.38
Galena_PbS_SP28,Pb,0.8660,TESCAN_EDAX,PbCrO4,1.017,0.8815,1.7,0.8668,0.09,0.5000,0.5019,0.38
B4C_GLR504,B,0.7826,TESCAN_EDAX,B,1.084,0.8582,9.7,0.7919,1.2,0.8000,0.8087,1.1
B4C_GLR504,C,0.2174,TESCAN_EDAX,C,1.084,0.2255,3.7,0.2081,-4.3,0.2000,0.1913,-4.4